{
  "holding_current": [
    0.0,
    0.0
  ],
  "threshold_current": [
    0.18000000715255737,
    0.0
  ],
  "all_holding_current": {
    "specimen_555019563_ephys.nwb": 0.0
  },
  "all_threshold_current": {
    "specimen_555019563_ephys.nwb": 0.18000000715255737
  }
}