{
  "holding_current": [
    0.0,
    0.0
  ],
  "threshold_current": [
    0.17000000178813934,
    0.0
  ],
  "all_holding_current": {
    "specimen_560992553_ephys.nwb": 0.0
  },
  "all_threshold_current": {
    "specimen_560992553_ephys.nwb": 0.17000000178813934
  }
}