{
  "step_100": {
    "holding": {
      "delay": 0.0,
      "amp": 0.0,
      "duration": 6020.0,
      "totduration": 6020.0
    },
    "step": {
      "delay": 1000.0,
      "amp": 0.019999999552965164,
      "thresh_perc": 100.0,
      "duration": 1000.0,
      "totduration": 6020.0
    }
  },
  "step_150": {
    "holding": {
      "delay": 0.0,
      "amp": 0.0,
      "duration": 8020.0,
      "totduration": 8020.0
    },
    "step": {
      "delay": 1000.0,
      "amp": 0.029999999329447746,
      "thresh_perc": 150.0,
      "duration": 1000.0,
      "totduration": 8020.0
    }
  },
  "step_250": {
    "holding": {
      "delay": 0.0,
      "amp": 0.0,
      "duration": 8020.0,
      "totduration": 8020.0
    },
    "step": {
      "delay": 1000.0,
      "amp": 0.05000000074505806,
      "thresh_perc": 250.00000931322595,
      "duration": 1000.0,
      "totduration": 8020.0
    }
  },
  "step_300": {
    "holding": {
      "delay": 0.0,
      "amp": 0.0,
      "duration": 6020.0,
      "totduration": 6020.0
    },
    "step": {
      "delay": 1000.0,
      "amp": 0.05999999865889549,
      "thresh_perc": 300.0,
      "duration": 1000.0,
      "totduration": 6020.0
    }
  }
}