{
  "holding_current": [
    0.0,
    0.0
  ],
  "threshold_current": [
    0.029999999329447746,
    0.0
  ],
  "all_holding_current": {
    "specimen_567007144_ephys.nwb": 0.0
  },
  "all_threshold_current": {
    "specimen_567007144_ephys.nwb": 0.029999999329447746
  }
}