{
  "holding_current": [
    0.0,
    0.0
  ],
  "threshold_current": [
    0.10999999940395355,
    0.0
  ],
  "all_holding_current": {
    "specimen_473543792_ephys.nwb": 0.0
  },
  "all_threshold_current": {
    "specimen_473543792_ephys.nwb": 0.10999999940395355
  }
}