{
  "holding_current": [
    0.0,
    0.0
  ],
  "threshold_current": [
    0.23000000417232513,
    0.0
  ],
  "all_holding_current": {
    "specimen_609435731_ephys.nwb": 0.0
  },
  "all_threshold_current": {
    "specimen_609435731_ephys.nwb": 0.23000000417232513
  }
}