{
  "holding_current": [
    0.0,
    0.0
  ],
  "threshold_current": [
    0.2800000011920929,
    0.0
  ],
  "all_holding_current": {
    "specimen_527095729_ephys.nwb": 0.0
  },
  "all_threshold_current": {
    "specimen_527095729_ephys.nwb": 0.2800000011920929
  }
}