{
  "step_80": {
    "holding": {
      "delay": 0.0,
      "amp": 0.0,
      "duration": 6020.0,
      "totduration": 6020.0
    },
    "step": {
      "delay": 1000.0,
      "amp": 0.07999999821186066,
      "thresh_perc": 88.88888336994052,
      "duration": 1000.0,
      "totduration": 6020.0
    }
  },
  "step_100": {
    "holding": {
      "delay": 0.0,
      "amp": 0.0,
      "duration": 6020.0,
      "totduration": 6020.0
    },
    "step": {
      "delay": 1000.0,
      "amp": 0.09000000208616257,
      "thresh_perc": 99.99999834431549,
      "duration": 1000.0,
      "totduration": 6020.0
    }
  },
  "step_125": {
    "holding": {
      "delay": 0.0,
      "amp": 0.0,
      "duration": 7020.05,
      "totduration": 7020.05
    },
    "step": {
      "delay": 1000.0,
      "amp": 0.11499999836087227,
      "thresh_perc": 127.77777087909232,
      "duration": 1000.0,
      "totduration": 7020.05
    }
  },
  "step_150": {
    "holding": {
      "delay": 0.0,
      "amp": 0.0,
      "duration": 8020.1,
      "totduration": 8020.1
    },
    "step": {
      "delay": 1000.0,
      "amp": 0.14000000059604648,
      "thresh_perc": 155.5555500366072,
      "duration": 1000.0,
      "totduration": 8020.1
    }
  },
  "step_175": {
    "holding": {
      "delay": 0.0,
      "amp": 0.0,
      "duration": 8020.1,
      "totduration": 8020.1
    },
    "step": {
      "delay": 1000.0,
      "amp": 0.1600000038743019,
      "thresh_perc": 177.7777750183036,
      "duration": 1000.0,
      "totduration": 8020.1
    }
  },
  "step_200": {
    "holding": {
      "delay": 0.0,
      "amp": 0.0,
      "duration": 8020.1,
      "totduration": 8020.1
    },
    "step": {
      "delay": 1000.0,
      "amp": 0.17999999970197678,
      "thresh_perc": 199.99999172157743,
      "duration": 1000.0,
      "totduration": 8020.1
    }
  },
  "step_225": {
    "holding": {
      "delay": 0.0,
      "amp": 0.0,
      "duration": 8020.1,
      "totduration": 8020.1
    },
    "step": {
      "delay": 1000.0,
      "amp": 0.19999999552965167,
      "thresh_perc": 222.22220842485132,
      "duration": 1000.0,
      "totduration": 8020.1
    }
  },
  "step_250": {
    "holding": {
      "delay": 0.0,
      "amp": 0.0,
      "duration": 8020.1,
      "totduration": 8020.1
    },
    "step": {
      "delay": 1000.0,
      "amp": 0.2199999988079071,
      "thresh_perc": 244.44443340654772,
      "duration": 1000.0,
      "totduration": 8020.1
    }
  },
  "step_275": {
    "holding": {
      "delay": 0.0,
      "amp": 0.0,
      "duration": 8020.1,
      "totduration": 8020.1
    },
    "step": {
      "delay": 1000.0,
      "amp": 0.23000000417232513,
      "thresh_perc": 255.55555003660717,
      "duration": 1000.0,
      "totduration": 8020.1
    }
  }
}