{
  "holding_current": [
    0.0,
    0.0
  ],
  "threshold_current": [
    0.3199999928474426,
    0.0
  ],
  "all_holding_current": {
    "specimen_561517025_ephys.nwb": 0.0
  },
  "all_threshold_current": {
    "specimen_561517025_ephys.nwb": 0.3199999928474426
  }
}