{
  "step_100": {
    "holding": {
      "delay": 0.0,
      "amp": 0.0,
      "duration": 8020.1,
      "totduration": 8020.1
    },
    "step": {
      "delay": 1000.0,
      "amp": 0.030000003054738045,
      "thresh_perc": 100.0,
      "duration": 1000.0,
      "totduration": 8020.1
    }
  },
  "step_125": {
    "holding": {
      "delay": 0.0,
      "amp": 0.0,
      "duration": 6020.0,
      "totduration": 6020.0
    },
    "step": {
      "delay": 1000.0,
      "amp": 0.03999999910593033,
      "thresh_perc": 133.33331677648926,
      "duration": 1000.0,
      "totduration": 6020.0
    }
  },
  "step_150": {
    "holding": {
      "delay": 0.0,
      "amp": 0.0,
      "duration": 6420.0199999999995,
      "totduration": 6420.0199999999995
    },
    "step": {
      "delay": 1000.0,
      "amp": 0.041999999433755875,
      "thresh_perc": 139.999983857077,
      "duration": 1000.0,
      "totduration": 6420.0199999999995
    }
  },
  "step_175": {
    "holding": {
      "delay": 0.0,
      "amp": 0.0,
      "duration": 8020.1,
      "totduration": 8020.1
    },
    "step": {
      "delay": 1000.0,
      "amp": 0.05000000074505806,
      "thresh_perc": 166.6666521794281,
      "duration": 1000.0,
      "totduration": 8020.1
    }
  },
  "step_225": {
    "holding": {
      "delay": 0.0,
      "amp": 0.0,
      "duration": 8020.1,
      "totduration": 8020.1
    },
    "step": {
      "delay": 1000.0,
      "amp": 0.07000000029802322,
      "thresh_perc": 233.33331056767273,
      "duration": 1000.0,
      "totduration": 8020.1
    }
  },
  "step_250": {
    "holding": {
      "delay": 0.0,
      "amp": 0.0,
      "duration": 8020.1,
      "totduration": 8020.1
    },
    "step": {
      "delay": 1000.0,
      "amp": 0.07000000029802322,
      "thresh_perc": 233.33331056767273,
      "duration": 1000.0,
      "totduration": 8020.1
    }
  },
  "step_300": {
    "holding": {
      "delay": 0.0,
      "amp": 0.0,
      "duration": 8020.1,
      "totduration": 8020.1
    },
    "step": {
      "delay": 1000.0,
      "amp": 0.09000000357627869,
      "thresh_perc": 299.9999813735504,
      "duration": 1000.0,
      "totduration": 8020.1
    }
  }
}