{
  "holding_current": [
    0.0,
    0.0
  ],
  "threshold_current": [
    0.21000000834465027,
    0.0
  ],
  "all_holding_current": {
    "specimen_573404307_ephys.nwb": 0.0
  },
  "all_threshold_current": {
    "specimen_573404307_ephys.nwb": 0.21000000834465027
  }
}