{
  "holding_current": [
    0.0,
    0.0
  ],
  "threshold_current": [
    0.33000001311302185,
    0.0
  ],
  "all_holding_current": {
    "specimen_580162374_ephys.nwb": 0.0
  },
  "all_threshold_current": {
    "specimen_580162374_ephys.nwb": 0.33000001311302185
  }
}