{
  "step_80": {
    "holding": {
      "delay": 0.0,
      "amp": 0.0,
      "duration": 7353.333333333333,
      "totduration": 7353.333333333333
    },
    "step": {
      "delay": 1000.0,
      "amp": 0.1333333303531011,
      "thresh_perc": 78.43136997096407,
      "duration": 1000.0,
      "totduration": 7353.333333333333
    }
  },
  "step_100": {
    "holding": {
      "delay": 0.0,
      "amp": 0.0,
      "duration": 6686.666666666667,
      "totduration": 6686.666666666667
    },
    "step": {
      "delay": 1000.0,
      "amp": 0.17500000198682153,
      "thresh_perc": 102.94117655652343,
      "duration": 1000.0,
      "totduration": 6686.666666666667
    }
  },
  "step_125": {
    "holding": {
      "delay": 0.0,
      "amp": 0.0,
      "duration": 7220.0,
      "totduration": 7220.0
    },
    "step": {
      "delay": 1000.0,
      "amp": 0.1980000048875809,
      "thresh_perc": 116.47058988524968,
      "duration": 1000.0,
      "totduration": 7220.0
    }
  },
  "step_150": {
    "holding": {
      "delay": 0.0,
      "amp": 0.0,
      "duration": 8020.0,
      "totduration": 8020.0
    },
    "step": {
      "delay": 1000.0,
      "amp": 0.24999999503294631,
      "thresh_perc": 147.05881906078218,
      "duration": 1000.0,
      "totduration": 8020.0
    }
  },
  "step_175": {
    "holding": {
      "delay": 0.0,
      "amp": 0.0,
      "duration": 8020.0,
      "totduration": 8020.0
    },
    "step": {
      "delay": 1000.0,
      "amp": 0.2799999862909317,
      "thresh_perc": 164.70587255633012,
      "duration": 1000.0,
      "totduration": 8020.0
    }
  }
}