{
  "step_80": {
    "holding": {
      "delay": 0.0,
      "amp": 0.0,
      "duration": 8020.0,
      "totduration": 8020.0
    },
    "step": {
      "delay": 1000.0,
      "amp": 0.05000000074505806,
      "thresh_perc": 71.42857218883475,
      "duration": 1000.0,
      "totduration": 8020.0
    }
  },
  "step_100": {
    "holding": {
      "delay": 0.0,
      "amp": 0.0,
      "duration": 7020.0,
      "totduration": 7020.0
    },
    "step": {
      "delay": 1000.0,
      "amp": 0.07499999925494194,
      "thresh_perc": 107.1428556223305,
      "duration": 1000.0,
      "totduration": 7020.0
    }
  },
  "step_125": {
    "holding": {
      "delay": 0.0,
      "amp": 0.0,
      "duration": 6686.666666666667,
      "totduration": 6686.666666666667
    },
    "step": {
      "delay": 1000.0,
      "amp": 0.086666668454806,
      "thresh_perc": 123.80952583689266,
      "duration": 1000.0,
      "totduration": 6686.666666666667
    }
  },
  "step_150": {
    "holding": {
      "delay": 0.0,
      "amp": 0.0,
      "duration": 8020.0,
      "totduration": 8020.0
    },
    "step": {
      "delay": 1000.0,
      "amp": 0.10999999940395355,
      "thresh_perc": 157.1428556223305,
      "duration": 1000.0,
      "totduration": 8020.0
    }
  },
  "step_175": {
    "holding": {
      "delay": 0.0,
      "amp": 0.0,
      "duration": 6686.666666666667,
      "totduration": 6686.666666666667
    },
    "step": {
      "delay": 1000.0,
      "amp": 0.1266666625936826,
      "thresh_perc": 180.95237436343214,
      "duration": 1000.0,
      "totduration": 6686.666666666667
    }
  },
  "step_200": {
    "holding": {
      "delay": 0.0,
      "amp": 0.0,
      "duration": 6686.666666666667,
      "totduration": 6686.666666666667
    },
    "step": {
      "delay": 1000.0,
      "amp": 0.13333333035310108,
      "thresh_perc": 190.4761854077683,
      "duration": 1000.0,
      "totduration": 6686.666666666667
    }
  },
  "step_225": {
    "holding": {
      "delay": 0.0,
      "amp": 0.0,
      "duration": 8020.0,
      "totduration": 8020.0
    },
    "step": {
      "delay": 1000.0,
      "amp": 0.1600000038743019,
      "thresh_perc": 228.5714331330085,
      "duration": 1000.0,
      "totduration": 8020.0
    }
  },
  "step_250": {
    "holding": {
      "delay": 0.0,
      "amp": 0.0,
      "duration": 8020.0,
      "totduration": 8020.0
    },
    "step": {
      "delay": 1000.0,
      "amp": 0.17000000178813934,
      "thresh_perc": 242.8571443776695,
      "duration": 1000.0,
      "totduration": 8020.0
    }
  },
  "step_300": {
    "holding": {
      "delay": 0.0,
      "amp": 0.0,
      "duration": 8020.0,
      "totduration": 8020.0
    },
    "step": {
      "delay": 1000.0,
      "amp": 0.21000000834465024,
      "thresh_perc": 300.0000106436865,
      "duration": 1000.0,
      "totduration": 8020.0
    }
  }
}