{
  "holding_current": [
    0.0,
    0.0
  ],
  "threshold_current": [
    0.5299999713897705,
    0.0
  ],
  "all_holding_current": {
    "specimen_614777438_ephys.nwb": 0.0
  },
  "all_threshold_current": {
    "specimen_614777438_ephys.nwb": 0.5299999713897705
  }
}