{
  "holding_current": [
    0.0,
    0.0
  ],
  "threshold_current": [
    0.11999999731779099,
    0.0
  ],
  "all_holding_current": {
    "specimen_587045566_ephys.nwb": 0.0
  },
  "all_threshold_current": {
    "specimen_587045566_ephys.nwb": 0.11999999731779099
  }
}