{
  "holding_current": [
    0.0,
    0.0
  ],
  "threshold_current": [
    0.26999998092651367,
    0.0
  ],
  "all_holding_current": {
    "specimen_569998790_ephys.nwb": 0.0
  },
  "all_threshold_current": {
    "specimen_569998790_ephys.nwb": 0.26999998092651367
  }
}