{
  "holding_current": [
    -0.03426172216201113,
    0.0184984657708099
  ],
  "threshold_current": [
    0.15758160169103316,
    0.0835293819924652
  ],
  "all_holding_current": {
    "C171001B4-MT-C1.nwb": -0.012499390169978142,
    "C080301A2-MT-C1.nwb": -0.033331707740823426,
    "C100300D1-MT-C1.nwb": -0.031040152876327436,
    "C110301B1-MT-C1.nwb": -0.0229155495762825,
    "C050600C1-MT-C1.nwb": -0.07499634474515915,
    "C180800A1-MT-C1.nwb": -0.02489461824297905,
    "C281101B-MT-C1.nwb": -0.04015429178252816
  },
  "all_threshold_current": {
    "C171001B4-MT-C1.nwb": 0.12499390542507172,
    "C080301A2-MT-C1.nwb": 0.1156193595379591,
    "C100300D1-MT-C1.nwb": 0.06874664779752493,
    "C110301B1-MT-C1.nwb": 0.27498659491539,
    "C050600C1-MT-C1.nwb": 0.09374543093144894,
    "C180800A1-MT-C1.nwb": 0.12811874970793724,
    "C281101B-MT-C1.nwb": 0.2968605235219002
  }
}