{
  "step_80": {
    "holding": {
      "delay": 0.0,
      "amp": 0.0,
      "duration": 8020.1,
      "totduration": 8020.1
    },
    "step": {
      "delay": 1000.0,
      "amp": 0.3200000002980232,
      "thresh_perc": 79.99999888241292,
      "duration": 1000.0,
      "totduration": 8020.1
    }
  },
  "step_100": {
    "holding": {
      "delay": 0.0,
      "amp": 0.0,
      "duration": 7353.400000000001,
      "totduration": 7353.400000000001
    },
    "step": {
      "delay": 1000.0,
      "amp": 0.4000000059604645,
      "thresh_perc": 100.0,
      "duration": 1000.0,
      "totduration": 7353.400000000001
    }
  },
  "step_125": {
    "holding": {
      "delay": 0.0,
      "amp": 0.0,
      "duration": 8020.099999999999,
      "totduration": 8020.099999999999
    },
    "step": {
      "delay": 1000.0,
      "amp": 0.4957142855439867,
      "thresh_perc": 123.9285695393171,
      "duration": 1000.0,
      "totduration": 8020.099999999999
    }
  },
  "step_150": {
    "holding": {
      "delay": 0.0,
      "amp": 0.0,
      "duration": 8020.100000000001,
      "totduration": 8020.100000000001
    },
    "step": {
      "delay": 1000.0,
      "amp": 0.5699999928474427,
      "thresh_perc": 142.49999608844527,
      "duration": 1000.0,
      "totduration": 8020.100000000001
    }
  }
}