{
  "step_80": {
    "holding": {
      "delay": 0.0,
      "amp": 0.0,
      "duration": 7520.0,
      "totduration": 7520.0
    },
    "step": {
      "delay": 1000.0,
      "amp": 0.15750000253319743,
      "thresh_perc": 82.89473921555896,
      "duration": 1000.0,
      "totduration": 7520.0
    }
  },
  "step_100": {
    "holding": {
      "delay": 0.0,
      "amp": 0.0,
      "duration": 6686.666666666667,
      "totduration": 6686.666666666667
    },
    "step": {
      "delay": 1000.0,
      "amp": 0.18888888922002578,
      "thresh_perc": 99.41520610014159,
      "duration": 1000.0,
      "totduration": 6686.666666666667
    }
  },
  "step_125": {
    "holding": {
      "delay": 0.0,
      "amp": 0.0,
      "duration": 7353.333333333333,
      "totduration": 7353.333333333333
    },
    "step": {
      "delay": 1000.0,
      "amp": 0.23666666696468985,
      "thresh_perc": 124.56140522866589,
      "duration": 1000.0,
      "totduration": 7353.333333333333
    }
  },
  "step_150": {
    "holding": {
      "delay": 0.0,
      "amp": 0.0,
      "duration": 8020.0,
      "totduration": 8020.0
    },
    "step": {
      "delay": 1000.0,
      "amp": 0.27999999374151224,
      "thresh_perc": 147.36841960792063,
      "duration": 1000.0,
      "totduration": 8020.0
    }
  },
  "step_175": {
    "holding": {
      "delay": 0.0,
      "amp": 0.0,
      "duration": 8020.0,
      "totduration": 8020.0
    },
    "step": {
      "delay": 1000.0,
      "amp": 0.3200000077486038,
      "thresh_perc": 168.42105882319726,
      "duration": 1000.0,
      "totduration": 8020.0
    }
  }
}