{
  "holding_current": [
    0.0,
    0.0
  ],
  "threshold_current": [
    0.23999999463558197,
    0.0
  ],
  "all_holding_current": {
    "specimen_570946690_ephys.nwb": 0.0
  },
  "all_threshold_current": {
    "specimen_570946690_ephys.nwb": 0.23999999463558197
  }
}