{
  "holding_current": [
    -0.0462710692188971,
    0.035128715160748086
  ],
  "threshold_current": [
    0.0960479451735553,
    0.04651326035313094
  ],
  "all_holding_current": {
    "C240300B1-MT-C1.nwb": -0.059872080385684964,
    "C291001D1-MT-C1.nwb": -0.04583109791080157,
    "C151001B2-MT-C1.nwb": 0.01900948959713181,
    "C240501B3-MT-C1.nwb": -0.04960695467889309,
    "C291001D2-MT-C1.nwb": -0.054164024690786995,
    "C280600A3-MT-C1.nwb": -0.03847034468005101,
    "C180800C3-MT-C1.nwb": -0.01767770972635065,
    "C050600B2-MT-C1.nwb": -0.03749817175169786,
    "C020600B2-MT-C1.nwb": -0.0753088283042113,
    "C010600A2-MT-C1.nwb": -0.001339220441877842,
    "C060400C1-MT-C1.nwb": -0.043622870743274686,
    "C080301A1-MT-C1.nwb": -0.16374201079209647,
    "C090300B2-MT-C1.nwb": -0.03851374553050846,
    "C230402A1-MT-C1.nwb": -0.02916524497171243,
    "C231100B1-MT-C1.nwb": -0.04031053197880586,
    "C231001B2-MT-C1.nwb": -0.0718714917699496,
    "C090300C1-MT-C1.nwb": -0.046325865550898015,
    "C070301C2-MT-C1.nwb": -0.05312240868806839,
    "C280301A-MT-C1.nwb": -0.03171720216050744
  },
  "all_threshold_current": {
    "C240300B1-MT-C1.nwb": 0.11249451339244843,
    "C291001D1-MT-C1.nwb": 0.07499634101986885,
    "C151001B2-MT-C1.nwb": 0.13124359026551247,
    "C240501B3-MT-C1.nwb": 0.05624725576490164,
    "C291001D2-MT-C1.nwb": 0.05312241055071354,
    "C280600A3-MT-C1.nwb": 0.14061813801527023,
    "C180800C3-MT-C1.nwb": 0.06562179885804653,
    "C050600B2-MT-C1.nwb": 0.05624725669622421,
    "C020600B2-MT-C1.nwb": 0.09687027707695961,
    "C010600A2-MT-C1.nwb": 0.07812118530273438,
    "C060400C1-MT-C1.nwb": 0.059372102841734886,
    "C080301A1-MT-C1.nwb": 0.22498901933431625,
    "C090300B2-MT-C1.nwb": 0.05624725576490164,
    "C230402A1-MT-C1.nwb": 0.04374786652624607,
    "C231100B1-MT-C1.nwb": 0.15311753004789352,
    "C231001B2-MT-C1.nwb": 0.09374542906880379,
    "C090300C1-MT-C1.nwb": 0.05624725576490164,
    "C070301C2-MT-C1.nwb": 0.15311753004789352,
    "C280301A-MT-C1.nwb": 0.11874420195817947
  }
}