{
  "holding_current": [
    0.0,
    0.0
  ],
  "threshold_current": [
    0.42000001668930054,
    0.0
  ],
  "all_holding_current": {
    "specimen_574067499_ephys.nwb": 0.0
  },
  "all_threshold_current": {
    "specimen_574067499_ephys.nwb": 0.42000001668930054
  }
}