{
  "holding_current": [
    0.0,
    0.0
  ],
  "threshold_current": [
    0.45000001788139343,
    0.0
  ],
  "all_holding_current": {
    "specimen_579283563_ephys.nwb": 0.0
  },
  "all_threshold_current": {
    "specimen_579283563_ephys.nwb": 0.45000001788139343
  }
}