{
  "holding_current": [
    0.0,
    0.0
  ],
  "threshold_current": [
    0.4300000071525574,
    0.0
  ],
  "all_holding_current": {
    "specimen_591278744_ephys.nwb": 0.0
  },
  "all_threshold_current": {
    "specimen_591278744_ephys.nwb": 0.4300000071525574
  }
}