{
  "holding_current": [
    -0.03323361154658932,
    0.029256404487488324
  ],
  "threshold_current": [
    0.12499390142038465,
    0.06448098548742397
  ],
  "all_holding_current": {
    "C231001B1-MT-C1.nwb": -0.0770795742670695,
    "C050401A1-MT-C1.nwb": -0.023123872155944507,
    "C240501A1-MT-C1.nwb": -0.03359211143106222,
    "C291001B3-MT-C1.nwb": -0.014582622485856215,
    "C220301A1-MT-C1.nwb": -7.81213166192174e-05,
    "C220301A2-MT-C1.nwb": 0.006249695395429929,
    "C280301B3-MT-C1.nwb": -0.015520076174288988,
    "C020502D-MT-C1.nwb": -0.07870709802955389,
    "C070502E-MT-C1.nwb": -0.06684125178470844,
    "C300301B1-MT-C1.nwb": -0.02906108321622014
  },
  "all_threshold_current": {
    "C231001B1-MT-C1.nwb": 0.23748841136693954,
    "C050401A1-MT-C1.nwb": 0.07812118902802467,
    "C240501A1-MT-C1.nwb": 0.08437088131904602,
    "C291001B3-MT-C1.nwb": 0.11874420754611492,
    "C220301A1-MT-C1.nwb": 0.04999755974858999,
    "C220301A2-MT-C1.nwb": 0.22811387665569782,
    "C280301B3-MT-C1.nwb": 0.04999756067991257,
    "C020502D-MT-C1.nwb": 0.1781163066625595,
    "C070502E-MT-C1.nwb": 0.1093696616590023,
    "C300301B1-MT-C1.nwb": 0.1156193595379591
  }
}