{
  "step_80": {
    "holding": {
      "delay": 0.0,
      "amp": 0.0,
      "duration": 7353.333333333333,
      "totduration": 7353.333333333333
    },
    "step": {
      "delay": 1000.0,
      "amp": 0.10666666676600772,
      "thresh_perc": 82.05128513732146,
      "duration": 1000.0,
      "totduration": 7353.333333333333
    }
  },
  "step_100": {
    "holding": {
      "delay": 0.0,
      "amp": 0.0,
      "duration": 6620.0,
      "totduration": 6620.0
    },
    "step": {
      "delay": 1000.0,
      "amp": 0.12899999693036077,
      "thresh_perc": 99.23077050927127,
      "duration": 1000.0,
      "totduration": 6620.0
    }
  },
  "step_125": {
    "holding": {
      "delay": 0.0,
      "amp": 0.0,
      "duration": 7020.0,
      "totduration": 7020.0
    },
    "step": {
      "delay": 1000.0,
      "amp": 0.16500000283122063,
      "thresh_perc": 126.92308375644991,
      "duration": 1000.0,
      "totduration": 7020.0
    }
  },
  "step_150": {
    "holding": {
      "delay": 0.0,
      "amp": 0.0,
      "duration": 6877.142857142857,
      "totduration": 6877.142857142857
    },
    "step": {
      "delay": 1000.0,
      "amp": 0.19000000400202616,
      "thresh_perc": 146.15385459321925,
      "duration": 1000.0,
      "totduration": 6877.142857142857
    }
  },
  "step_175": {
    "holding": {
      "delay": 0.0,
      "amp": 0.0,
      "duration": 7220.0,
      "totduration": 7220.0
    },
    "step": {
      "delay": 1000.0,
      "amp": 0.22200000584125518,
      "thresh_perc": 170.76924152628243,
      "duration": 1000.0,
      "totduration": 7220.0
    }
  },
  "step_200": {
    "holding": {
      "delay": 0.0,
      "amp": 0.0,
      "duration": 8020.0,
      "totduration": 8020.0
    },
    "step": {
      "delay": 1000.0,
      "amp": 0.25999999046325684,
      "thresh_perc": 200.0,
      "duration": 1000.0,
      "totduration": 8020.0
    }
  },
  "step_225": {
    "holding": {
      "delay": 0.0,
      "amp": 0.0,
      "duration": 8020.0,
      "totduration": 8020.0
    },
    "step": {
      "delay": 1000.0,
      "amp": 0.26999998092651367,
      "thresh_perc": 207.69230063850333,
      "duration": 1000.0,
      "totduration": 8020.0
    }
  }
}