{
  "holding_current": [
    0.0,
    0.0
  ],
  "threshold_current": [
    0.10000000149011612,
    0.0
  ],
  "all_holding_current": {
    "specimen_565888394_ephys.nwb": 0.0
  },
  "all_threshold_current": {
    "specimen_565888394_ephys.nwb": 0.10000000149011612
  }
}