{
  "holding_current": [
    0.0,
    0.0
  ],
  "threshold_current": [
    0.20999999344348907,
    0.0
  ],
  "all_holding_current": {
    "specimen_473943881_ephys.nwb": 0.0
  },
  "all_threshold_current": {
    "specimen_473943881_ephys.nwb": 0.20999999344348907
  }
}