{
  "holding_current": [
    0.0,
    0.0
  ],
  "threshold_current": [
    0.15000000596046448,
    0.0
  ],
  "all_holding_current": {
    "specimen_561934585_ephys.nwb": 0.0
  },
  "all_threshold_current": {
    "specimen_561934585_ephys.nwb": 0.15000000596046448
  }
}