{
  "step_80": {
    "holding": {
      "delay": 0.0,
      "amp": 0.0,
      "duration": 7353.333333333333,
      "totduration": 7353.333333333333
    },
    "step": {
      "delay": 1000.0,
      "amp": 0.12666666507720947,
      "thresh_perc": 84.44444002928574,
      "duration": 1000.0,
      "totduration": 7353.333333333333
    }
  },
  "step_100": {
    "holding": {
      "delay": 0.0,
      "amp": 0.0,
      "duration": 6520.0,
      "totduration": 6520.0
    },
    "step": {
      "delay": 1000.0,
      "amp": 0.15833333383003867,
      "thresh_perc": 105.55555169229167,
      "duration": 1000.0,
      "totduration": 6520.0
    }
  },
  "step_125": {
    "holding": {
      "delay": 0.0,
      "amp": 0.0,
      "duration": 6520.0,
      "totduration": 6520.0
    },
    "step": {
      "delay": 1000.0,
      "amp": 0.17916666840513545,
      "thresh_perc": 119.44444085712799,
      "duration": 1000.0,
      "totduration": 6520.0
    }
  },
  "step_150": {
    "holding": {
      "delay": 0.0,
      "amp": 0.0,
      "duration": 7220.0,
      "totduration": 7220.0
    },
    "step": {
      "delay": 1000.0,
      "amp": 0.22200000584125518,
      "thresh_perc": 147.99999801317858,
      "duration": 1000.0,
      "totduration": 7220.0
    }
  },
  "step_175": {
    "holding": {
      "delay": 0.0,
      "amp": 0.0,
      "duration": 8020.0,
      "totduration": 8020.0
    },
    "step": {
      "delay": 1000.0,
      "amp": 0.26999999086062115,
      "thresh_perc": 179.99998675452392,
      "duration": 1000.0,
      "totduration": 8020.0
    }
  },
  "step_200": {
    "holding": {
      "delay": 0.0,
      "amp": 0.0,
      "duration": 8020.0,
      "totduration": 8020.0
    },
    "step": {
      "delay": 1000.0,
      "amp": 0.28999999165534973,
      "thresh_perc": 193.33332008785723,
      "duration": 1000.0,
      "totduration": 8020.0
    }
  }
}