{
  "holding_current": [
    0.0,
    0.0
  ],
  "threshold_current": [
    0.3499999940395355,
    0.0
  ],
  "all_holding_current": {
    "specimen_566678900_ephys.nwb": 0.0
  },
  "all_threshold_current": {
    "specimen_566678900_ephys.nwb": 0.3499999940395355
  }
}