{
  "holding_current": [
    0.0,
    0.0
  ],
  "threshold_current": [
    0.1599999964237213,
    0.0
  ],
  "all_holding_current": {
    "specimen_527869035_ephys.nwb": 0.0
  },
  "all_threshold_current": {
    "specimen_527869035_ephys.nwb": 0.1599999964237213
  }
}