{
  "holding_current": [
    0.0,
    0.0
  ],
  "threshold_current": [
    0.05999999865889549,
    0.0
  ],
  "all_holding_current": {
    "specimen_586559181_ephys.nwb": 0.0
  },
  "all_threshold_current": {
    "specimen_586559181_ephys.nwb": 0.05999999865889549
  }
}