{
  "holding_current": [
    -0.036402668649569675,
    0.016444713838014723
  ],
  "threshold_current": [
    0.16476468826559457,
    0.054582726758259315
  ],
  "all_holding_current": {
    "C120501B2-MT-C1.nwb": -0.039060594017306965,
    "C170501A4-MT-C1.nwb": -0.06988295483769792,
    "C230300D1-MT-C1.nwb": -0.01874908587584893,
    "C070301B1-MT-C1.nwb": -0.014374298788607121,
    "C070502B-MT-C1.nwb": -0.0237969161870961,
    "C080300B2-MT-C1.nwb": -0.031769283736745514,
    "C291101A-MT-C1.nwb": -0.05979438146223893,
    "C040600C2-MT-C1.nwb": -0.03301922294000784,
    "C291001C2-MT-C1.nwb": -0.049997561921676,
    "C110501B2-MT-C1.nwb": -0.025311265575389066,
    "C250402B-MT-C1.nwb": -0.034673789802652136
  },
  "all_threshold_current": {
    "C120501B2-MT-C1.nwb": 0.14061813801527023,
    "C170501A4-MT-C1.nwb": 0.15936722606420517,
    "C230300D1-MT-C1.nwb": 0.18124115280807018,
    "C070301B1-MT-C1.nwb": 0.18436599895358086,
    "C070502B-MT-C1.nwb": 0.12499390169978142,
    "C080300B2-MT-C1.nwb": 0.07499634101986885,
    "C291101A-MT-C1.nwb": 0.23748841136693954,
    "C040600C2-MT-C1.nwb": 0.13436844572424889,
    "C291001C2-MT-C1.nwb": 0.09687027707695961,
    "C110501B2-MT-C1.nwb": 0.24061326310038567,
    "C250402B-MT-C1.nwb": 0.23748841509222984
  }
}