{
  "holding_current": [
    0.0,
    0.0
  ],
  "threshold_current": [
    0.14000000059604645,
    0.0
  ],
  "all_holding_current": {
    "specimen_526531616_ephys.nwb": 0.0
  },
  "all_threshold_current": {
    "specimen_526531616_ephys.nwb": 0.14000000059604645
  }
}