{
  "holding_current": [
    -0.04799733775239829,
    0.022972188323056277
  ],
  "threshold_current": [
    0.0851810295479717,
    0.0324140914105089
  ],
  "all_holding_current": {
    "C080301B1-MT-C1.nwb": 0.003333170774082343,
    "C171001A1-MT-C1.nwb": -0.06353856871525447,
    "C050600B1-MT-C1.nwb": -0.028123628348112106,
    "C040600B3-MT-C1.nwb": -0.03437332436442375,
    "C210601B2-MT-C1.nwb": -0.01609296500682831,
    "C280600A2-MT-C1.nwb": -0.07260062669714291,
    "C161001B2-MT-C1.nwb": -0.059372104704380035,
    "C240402B-MT-C1.nwb": -0.04499780386686325,
    "C280600A1-MT-C1.nwb": -0.06026491842099598,
    "C161001B3-MT-C1.nwb": -0.01979070156812668,
    "C230501A3-MT-C1.nwb": -0.01906157024204731,
    "C171001B3-MT-C1.nwb": -0.028123628348112106,
    "C140201A2-MT-C1.nwb": -0.017209981686310535,
    "C130501B2-MT-C1.nwb": -0.06562180072069168,
    "C140201C-MT-C1.nwb": -0.06830024080617088,
    "C140201B1-MT-C1.nwb": -0.046872713203941076,
    "C210601B1-MT-C1.nwb": -0.07499634226163228,
    "C190101A2-MT-C1.nwb": -0.03499829359352589,
    "C060400B2-MT-C1.nwb": -0.050497536361217496,
    "C171001A2-MT-C1.nwb": -0.07614211738109589,
    "C080301A3-MT-C1.nwb": -0.07655876502394676,
    "C180101B1-MT-C1.nwb": -0.05446162926299231,
    "C201200B1-MT-C1.nwb": -0.04999756067991257,
    "C240300A1-MT-C1.nwb": -0.02537376280874014,
    "C070301A-MT-C1.nwb": -0.059372104704380035,
    "C140201A1-MT-C1.nwb": -0.06241882964968681,
    "C100300C1-MT-C1.nwb": -0.0900997716623048
  },
  "all_threshold_current": {
    "C080301B1-MT-C1.nwb": 0.07499633822590113,
    "C171001A1-MT-C1.nwb": 0.053122409619390965,
    "C050600B1-MT-C1.nwb": 0.12811874970793724,
    "C040600B3-MT-C1.nwb": 0.11561935767531395,
    "C210601B2-MT-C1.nwb": 0.08749573491513729,
    "C280600A2-MT-C1.nwb": 0.059372106567025185,
    "C161001B2-MT-C1.nwb": 0.1093696653842926,
    "C240402B-MT-C1.nwb": 0.08437088131904602,
    "C280600A1-MT-C1.nwb": 0.04374786652624607,
    "C161001B3-MT-C1.nwb": 0.1093696616590023,
    "C230501A3-MT-C1.nwb": 0.04999756067991257,
    "C171001B3-MT-C1.nwb": 0.04374786652624607,
    "C140201A2-MT-C1.nwb": 0.046872714534401894,
    "C130501B2-MT-C1.nwb": 0.11249451339244843,
    "C140201C-MT-C1.nwb": 0.09374542906880379,
    "C140201B1-MT-C1.nwb": 0.05624725669622421,
    "C210601B1-MT-C1.nwb": 0.1218690499663353,
    "C190101A2-MT-C1.nwb": 0.049997562542557716,
    "C060400B2-MT-C1.nwb": 0.043747865594923496,
    "C171001A2-MT-C1.nwb": 0.09999511763453484,
    "C080301A3-MT-C1.nwb": 0.15311753004789352,
    "C180101B1-MT-C1.nwb": 0.05937210377305746,
    "C201200B1-MT-C1.nwb": 0.09374542534351349,
    "C240300A1-MT-C1.nwb": 0.12811874970793724,
    "C070301A-MT-C1.nwb": 0.1374932900071144,
    "C140201A1-MT-C1.nwb": 0.074996342882514,
    "C100300C1-MT-C1.nwb": 0.06874664779752493
  }
}