{
  "step_80": {
    "holding": {
      "delay": 0.0,
      "amp": 0.0,
      "duration": 7020.0,
      "totduration": 7020.0
    },
    "step": {
      "delay": 1000.0,
      "amp": 0.14249999821186068,
      "thresh_perc": 79.1666625274554,
      "duration": 1000.0,
      "totduration": 7020.0
    }
  },
  "step_100": {
    "holding": {
      "delay": 0.0,
      "amp": 0.0,
      "duration": 6020.0,
      "totduration": 6020.0
    },
    "step": {
      "delay": 1000.0,
      "amp": 0.17500000447034836,
      "thresh_perc": 97.22222084248513,
      "duration": 1000.0,
      "totduration": 6020.0
    }
  },
  "step_125": {
    "holding": {
      "delay": 0.0,
      "amp": 0.0,
      "duration": 6020.0,
      "totduration": 6020.0
    },
    "step": {
      "delay": 1000.0,
      "amp": 0.2199999988079071,
      "thresh_perc": 122.22221670327386,
      "duration": 1000.0,
      "totduration": 6020.0
    }
  },
  "step_150": {
    "holding": {
      "delay": 0.0,
      "amp": 0.0,
      "duration": 8020.0,
      "totduration": 8020.0
    },
    "step": {
      "delay": 1000.0,
      "amp": 0.2799999862909317,
      "thresh_perc": 155.55554175818463,
      "duration": 1000.0,
      "totduration": 8020.0
    }
  },
  "step_175": {
    "holding": {
      "delay": 0.0,
      "amp": 0.0,
      "duration": 8020.0,
      "totduration": 8020.0
    },
    "step": {
      "delay": 1000.0,
      "amp": 0.29999999701976776,
      "thresh_perc": 166.66665838824412,
      "duration": 1000.0,
      "totduration": 8020.0
    }
  }
}