{
  "holding_current": [
    -0.06102420396831197,
    0.020496778473438098
  ],
  "threshold_current": [
    0.06405937534873374,
    0.0200087875626062
  ],
  "all_holding_current": {
    "C301001A2-MT-C1.nwb": -0.05520564069350561,
    "C300301A1-MT-C1.nwb": -0.025248768180608748,
    "C060400A1-MT-C1.nwb": -0.047393521293997765,
    "C170501A2-MT-C1.nwb": -0.0812460333108902,
    "C230402A2-MT-C1.nwb": -0.10791140298048656,
    "C240501B1-MT-C1.nwb": -0.07801702866951625,
    "C290301A2-MT-C1.nwb": -0.06249695271253586,
    "C020600C1-MT-C1.nwb": -0.03472486799582839,
    "C011101D2-MT-C1.nwb": -0.06249695271253586,
    "C120501B3-MT-C1.nwb": -0.07187149487435818,
    "C040401A2-MT-C1.nwb": -0.03812314048409462,
    "C050401A3-MT-C1.nwb": -0.04468531906604767,
    "C080300A1-MT-C1.nwb": -0.04999756067991257,
    "C080300B1-MT-C1.nwb": -0.08098563055197398,
    "C040401A1-MT-C1.nwb": -0.060778286308050156,
    "C020502F-MT-C1.nwb": -0.07520466297864914
  },
  "all_threshold_current": {
    "C301001A2-MT-C1.nwb": 0.074996342882514,
    "C300301A1-MT-C1.nwb": 0.03437332343310118,
    "C060400A1-MT-C1.nwb": 0.046872714534401894,
    "C170501A2-MT-C1.nwb": 0.06562179513275623,
    "C230402A2-MT-C1.nwb": 0.1093696653842926,
    "C240501B1-MT-C1.nwb": 0.043747865594923496,
    "C290301A2-MT-C1.nwb": 0.0687466487288475,
    "C020600C1-MT-C1.nwb": 0.05624725483357906,
    "C011101D2-MT-C1.nwb": 0.08437088504433632,
    "C120501B3-MT-C1.nwb": 0.08437088690698147,
    "C040401A2-MT-C1.nwb": 0.028123628348112106,
    "C050401A3-MT-C1.nwb": 0.04999756021425128,
    "C080300A1-MT-C1.nwb": 0.06249695084989071,
    "C080300B1-MT-C1.nwb": 0.07499634101986885,
    "C040401A1-MT-C1.nwb": 0.074996342882514,
    "C020502F-MT-C1.nwb": 0.0656217997893691
  }
}