{
  "holding_current": [
    0.0,
    0.0
  ],
  "threshold_current": [
    0.5699999928474426,
    0.0
  ],
  "all_holding_current": {
    "specimen_490387590_ephys.nwb": 0.0
  },
  "all_threshold_current": {
    "specimen_490387590_ephys.nwb": 0.5699999928474426
  }
}