{
  "holding_current": [
    0.0,
    0.0
  ],
  "threshold_current": [
    0.6299999952316284,
    0.0
  ],
  "all_holding_current": {
    "specimen_555241040_ephys.nwb": 0.0
  },
  "all_threshold_current": {
    "specimen_555241040_ephys.nwb": 0.6299999952316284
  }
}