{
  "holding_current": [
    0.0,
    0.0
  ],
  "threshold_current": [
    0.3700000047683716,
    0.0
  ],
  "all_holding_current": {
    "specimen_481093525_ephys.nwb": 0.0
  },
  "all_threshold_current": {
    "specimen_481093525_ephys.nwb": 0.3700000047683716
  }
}