{
  "step_80": {
    "holding": {
      "delay": 0.0,
      "amp": 0.0,
      "duration": 8020.099999999999,
      "totduration": 8020.099999999999
    },
    "step": {
      "delay": 1000.0,
      "amp": 0.2899999980415616,
      "thresh_perc": 78.37837683897011,
      "duration": 1000.0,
      "totduration": 8020.099999999999
    }
  },
  "step_100": {
    "holding": {
      "delay": 0.0,
      "amp": 0.0,
      "duration": 6953.380000000001,
      "totduration": 6953.380000000001
    },
    "step": {
      "delay": 1000.0,
      "amp": 0.3806666711966195,
      "thresh_perc": 102.88288278129227,
      "duration": 1000.0,
      "totduration": 6953.380000000001
    }
  },
  "step_125": {
    "holding": {
      "delay": 0.0,
      "amp": 0.0,
      "duration": 7020.050000000001,
      "totduration": 7020.050000000001
    },
    "step": {
      "delay": 1000.0,
      "amp": 0.44000000187328875,
      "thresh_perc": 118.91891789264672,
      "duration": 1000.0,
      "totduration": 7020.050000000001
    }
  },
  "step_150": {
    "holding": {
      "delay": 0.0,
      "amp": 0.0,
      "duration": 8020.1,
      "totduration": 8020.1
    },
    "step": {
      "delay": 1000.0,
      "amp": 0.5099999755620955,
      "thresh_perc": 137.83782945661505,
      "duration": 1000.0,
      "totduration": 8020.1
    }
  }
}