{
  "step_80": {
    "holding": {
      "delay": 0.0,
      "amp": 0.0,
      "duration": 6020.0,
      "totduration": 6020.0
    },
    "step": {
      "delay": 1000.0,
      "amp": 0.03999999910593033,
      "thresh_perc": 79.9999970197678,
      "duration": 1000.0,
      "totduration": 6020.0
    }
  },
  "step_100": {
    "holding": {
      "delay": 0.0,
      "amp": 0.0,
      "duration": 6686.666666666667,
      "totduration": 6686.666666666667
    },
    "step": {
      "delay": 1000.0,
      "amp": 0.05333333338300386,
      "thresh_perc": 106.66666517655057,
      "duration": 1000.0,
      "totduration": 6686.666666666667
    }
  },
  "step_125": {
    "holding": {
      "delay": 0.0,
      "amp": 0.0,
      "duration": 6020.0,
      "totduration": 6020.0
    },
    "step": {
      "delay": 1000.0,
      "amp": 0.06799999997019768,
      "thresh_perc": 135.99999791383746,
      "duration": 1000.0,
      "totduration": 6020.0
    }
  },
  "step_150": {
    "holding": {
      "delay": 0.0,
      "amp": 0.0,
      "duration": 6020.0,
      "totduration": 6020.0
    },
    "step": {
      "delay": 1000.0,
      "amp": 0.07000000029802322,
      "thresh_perc": 139.9999985098839,
      "duration": 1000.0,
      "totduration": 6020.0
    }
  },
  "step_175": {
    "holding": {
      "delay": 0.0,
      "amp": 0.0,
      "duration": 8020.0,
      "totduration": 8020.0
    },
    "step": {
      "delay": 1000.0,
      "amp": 0.09000000357627869,
      "thresh_perc": 180.0000044703483,
      "duration": 1000.0,
      "totduration": 8020.0
    }
  },
  "step_200": {
    "holding": {
      "delay": 0.0,
      "amp": 0.0,
      "duration": 8020.0,
      "totduration": 8020.0
    },
    "step": {
      "delay": 1000.0,
      "amp": 0.10000000149011612,
      "thresh_perc": 200.0,
      "duration": 1000.0,
      "totduration": 8020.0
    }
  },
  "step_225": {
    "holding": {
      "delay": 0.0,
      "amp": 0.0,
      "duration": 8020.0,
      "totduration": 8020.0
    },
    "step": {
      "delay": 1000.0,
      "amp": 0.10999999940395355,
      "thresh_perc": 219.9999955296517,
      "duration": 1000.0,
      "totduration": 8020.0
    }
  }
}