{
  "holding_current": [
    0.0,
    0.0
  ],
  "threshold_current": [
    0.09000000357627869,
    0.0
  ],
  "all_holding_current": {
    "specimen_578485753_ephys.nwb": 0.0
  },
  "all_threshold_current": {
    "specimen_578485753_ephys.nwb": 0.09000000357627869
  }
}