{
  "holding_current": [
    -0.05997176195761439,
    0.01808361006460004
  ],
  "threshold_current": [
    0.09960451629012823,
    0.04518721559868179
  ],
  "all_holding_current": {
    "C180101E-MT-C1.nwb": -0.04977435733945597,
    "C291001B2-MT-C1.nwb": -0.08280845979849498,
    "C011101B2-MT-C1.nwb": -0.07374640367925167,
    "C060401B1-MT-C1.nwb": -0.03912309139966965,
    "C301001A3-MT-C1.nwb": -0.05288804564625025,
    "C090501A2-MT-C1.nwb": -0.07077779900282621,
    "C050401B2-MT-C1.nwb": -0.07937112729996443,
    "C230402B-MT-C1.nwb": -0.031284811495001924
  },
  "all_threshold_current": {
    "C180101E-MT-C1.nwb": 0.07187149301171303,
    "C291001B2-MT-C1.nwb": 0.09999512508511543,
    "C011101B2-MT-C1.nwb": 0.15936722606420517,
    "C060401B1-MT-C1.nwb": 0.04374786466360092,
    "C301001A3-MT-C1.nwb": 0.08437088504433632,
    "C090501A2-MT-C1.nwb": 0.18436600267887115,
    "C050401B2-MT-C1.nwb": 0.06249695271253586,
    "C230402B-MT-C1.nwb": 0.09062058106064796
  }
}