{
  "holding_current": [
    0.0,
    0.0
  ],
  "threshold_current": [
    0.25999999046325684,
    0.0
  ],
  "all_holding_current": {
    "specimen_590558808_ephys.nwb": 0.0
  },
  "all_threshold_current": {
    "specimen_590558808_ephys.nwb": 0.25999999046325684
  }
}