{
  "holding_current": [
    0.0,
    0.0
  ],
  "threshold_current": [
    0.030000003054738045,
    0.0
  ],
  "all_holding_current": {
    "specimen_474626527_ephys.nwb": 0.0
  },
  "all_threshold_current": {
    "specimen_474626527_ephys.nwb": 0.030000003054738045
  }
}