{
  "holding_current": [
    0.0,
    0.0
  ],
  "threshold_current": [
    0.39000001549720764,
    0.0
  ],
  "all_holding_current": {
    "specimen_488501071_ephys.nwb": 0.0
  },
  "all_threshold_current": {
    "specimen_488501071_ephys.nwb": 0.39000001549720764
  }
}