{
  "step_100": {
    "holding": {
      "delay": 0.0,
      "amp": 0.0,
      "duration": 6420.0,
      "totduration": 6420.0
    },
    "step": {
      "delay": 1000.0,
      "amp": 0.05000000074505806,
      "thresh_perc": 100.0,
      "duration": 1000.0,
      "totduration": 6420.0
    }
  },
  "step_125": {
    "holding": {
      "delay": 0.0,
      "amp": 0.0,
      "duration": 8020.0,
      "totduration": 8020.0
    },
    "step": {
      "delay": 1000.0,
      "amp": 0.07000000029802322,
      "thresh_perc": 139.9999985098839,
      "duration": 1000.0,
      "totduration": 8020.0
    }
  },
  "step_150": {
    "holding": {
      "delay": 0.0,
      "amp": 0.0,
      "duration": 8020.0,
      "totduration": 8020.0
    },
    "step": {
      "delay": 1000.0,
      "amp": 0.07000000029802322,
      "thresh_perc": 139.9999985098839,
      "duration": 1000.0,
      "totduration": 8020.0
    }
  },
  "step_175": {
    "holding": {
      "delay": 0.0,
      "amp": 0.0,
      "duration": 7020.0,
      "totduration": 7020.0
    },
    "step": {
      "delay": 1000.0,
      "amp": 0.09000000357627869,
      "thresh_perc": 180.0000044703483,
      "duration": 1000.0,
      "totduration": 7020.0
    }
  },
  "step_200": {
    "holding": {
      "delay": 0.0,
      "amp": 0.0,
      "duration": 7020.0,
      "totduration": 7020.0
    },
    "step": {
      "delay": 1000.0,
      "amp": 0.09000000357627869,
      "thresh_perc": 180.0000044703483,
      "duration": 1000.0,
      "totduration": 7020.0
    }
  }
}