{
  "holding_current": [
    0.0,
    0.0
  ],
  "threshold_current": [
    0.07999999821186066,
    0.0
  ],
  "all_holding_current": {
    "specimen_569072334_ephys.nwb": 0.0
  },
  "all_threshold_current": {
    "specimen_569072334_ephys.nwb": 0.07999999821186066
  }
}