{
  "step_80": {
    "holding": {
      "delay": 0.0,
      "amp": 0.0,
      "duration": 8020.0,
      "totduration": 8020.0
    },
    "step": {
      "delay": 1000.0,
      "amp": 0.06000000052154064,
      "thresh_perc": 75.0000023283065,
      "duration": 1000.0,
      "totduration": 8020.0
    }
  },
  "step_100": {
    "holding": {
      "delay": 0.0,
      "amp": 0.0,
      "duration": 6464.444444444444,
      "totduration": 6464.444444444444
    },
    "step": {
      "delay": 1000.0,
      "amp": 0.07999999903970295,
      "thresh_perc": 100.00000103480289,
      "duration": 1000.0,
      "totduration": 6464.444444444444
    }
  },
  "step_125": {
    "holding": {
      "delay": 0.0,
      "amp": 0.0,
      "duration": 8020.0,
      "totduration": 8020.0
    },
    "step": {
      "delay": 1000.0,
      "amp": 0.10000000149011612,
      "thresh_perc": 125.00000465661299,
      "duration": 1000.0,
      "totduration": 8020.0
    }
  },
  "step_150": {
    "holding": {
      "delay": 0.0,
      "amp": 0.0,
      "duration": 7020.0,
      "totduration": 7020.0
    },
    "step": {
      "delay": 1000.0,
      "amp": 0.11999999731779099,
      "thresh_perc": 150.0,
      "duration": 1000.0,
      "totduration": 7020.0
    }
  },
  "step_175": {
    "holding": {
      "delay": 0.0,
      "amp": 0.0,
      "duration": 8020.0,
      "totduration": 8020.0
    },
    "step": {
      "delay": 1000.0,
      "amp": 0.12999999523162842,
      "thresh_perc": 162.4999976716935,
      "duration": 1000.0,
      "totduration": 8020.0
    }
  },
  "step_200": {
    "holding": {
      "delay": 0.0,
      "amp": 0.0,
      "duration": 8020.0,
      "totduration": 8020.0
    },
    "step": {
      "delay": 1000.0,
      "amp": 0.17000000178813934,
      "thresh_perc": 212.50000698491945,
      "duration": 1000.0,
      "totduration": 8020.0
    }
  },
  "step_225": {
    "holding": {
      "delay": 0.0,
      "amp": 0.0,
      "duration": 8020.0,
      "totduration": 8020.0
    },
    "step": {
      "delay": 1000.0,
      "amp": 0.17000000178813934,
      "thresh_perc": 212.50000698491945,
      "duration": 1000.0,
      "totduration": 8020.0
    }
  },
  "step_250": {
    "holding": {
      "delay": 0.0,
      "amp": 0.0,
      "duration": 8020.0,
      "totduration": 8020.0
    },
    "step": {
      "delay": 1000.0,
      "amp": 0.21000000834465024,
      "thresh_perc": 262.5000162981454,
      "duration": 1000.0,
      "totduration": 8020.0
    }
  },
  "step_275": {
    "holding": {
      "delay": 0.0,
      "amp": 0.0,
      "duration": 8020.0,
      "totduration": 8020.0
    },
    "step": {
      "delay": 1000.0,
      "amp": 0.21000000834465024,
      "thresh_perc": 262.5000162981454,
      "duration": 1000.0,
      "totduration": 8020.0
    }
  }
}