{
  "holding_current": [
    0.0,
    0.0
  ],
  "threshold_current": [
    0.28999999165534973,
    0.0
  ],
  "all_holding_current": {
    "specimen_574734127_ephys.nwb": 0.0
  },
  "all_threshold_current": {
    "specimen_574734127_ephys.nwb": 0.28999999165534973
  }
}