{
  "holding_current": [
    0.0,
    0.0
  ],
  "threshold_current": [
    0.07000000029802322,
    0.0
  ],
  "all_holding_current": {
    "specimen_324266189_ephys.nwb": 0.0
  },
  "all_threshold_current": {
    "specimen_324266189_ephys.nwb": 0.07000000029802322
  }
}