{
  "holding_current": [
    0.0,
    0.0
  ],
  "threshold_current": [
    0.05000000074505806,
    0.0
  ],
  "all_holding_current": {
    "specimen_478110866_ephys.nwb": 0.0
  },
  "all_threshold_current": {
    "specimen_478110866_ephys.nwb": 0.05000000074505806
  }
}