{
  "step_80": {
    "holding": {
      "delay": 0.0,
      "amp": 0.0,
      "duration": 7520.075000000001,
      "totduration": 7520.075000000001
    },
    "step": {
      "delay": 1000.0,
      "amp": 0.15750000253319743,
      "thresh_perc": 82.89473921555896,
      "duration": 1000.0,
      "totduration": 7520.075000000001
    }
  },
  "step_100": {
    "holding": {
      "delay": 0.0,
      "amp": 0.0,
      "duration": 6481.5615384615385,
      "totduration": 6481.5615384615385
    },
    "step": {
      "delay": 1000.0,
      "amp": 0.19692307596023265,
      "thresh_perc": 103.64372549015349,
      "duration": 1000.0,
      "totduration": 6481.5615384615385
    }
  },
  "step_125": {
    "holding": {
      "delay": 0.0,
      "amp": 0.0,
      "duration": 6747.309090909091,
      "totduration": 6747.309090909091
    },
    "step": {
      "delay": 1000.0,
      "amp": 0.21727272461761124,
      "thresh_perc": 114.35406702317087,
      "duration": 1000.0,
      "totduration": 6747.309090909091
    }
  },
  "step_150": {
    "holding": {
      "delay": 0.0,
      "amp": 0.0,
      "duration": 8020.1,
      "totduration": 8020.1
    },
    "step": {
      "delay": 1000.0,
      "amp": 0.27999999374151224,
      "thresh_perc": 147.36841960792063,
      "duration": 1000.0,
      "totduration": 8020.1
    }
  },
  "step_175": {
    "holding": {
      "delay": 0.0,
      "amp": 0.0,
      "duration": 8020.100000000001,
      "totduration": 8020.100000000001
    },
    "step": {
      "delay": 1000.0,
      "amp": 0.3300000031789144,
      "thresh_perc": 173.6842143788783,
      "duration": 1000.0,
      "totduration": 8020.100000000001
    }
  },
  "step_200": {
    "holding": {
      "delay": 0.0,
      "amp": 0.0,
      "duration": 8020.1,
      "totduration": 8020.1
    },
    "step": {
      "delay": 1000.0,
      "amp": 0.3499999940395355,
      "thresh_perc": 184.21052549024037,
      "duration": 1000.0,
      "totduration": 8020.1
    }
  }
}