{
  "holding_current": [
    -0.053499261582305106,
    0.037535970399136816
  ],
  "threshold_current": [
    0.061502681113779545,
    0.030170065818175298
  ],
  "all_holding_current": {
    "C100501B1-MT-C1.nwb": -0.053747378289699554,
    "C070502C-MT-C1.nwb": -0.08228764931360881,
    "C210301B-MT-C1.nwb": -0.01133873268429722,
    "C240501B4-MT-C1.nwb": -0.12772814743220806,
    "C230501A4-MT-C1.nwb": -0.026061228699982165,
    "C100501A3-MT-C1.nwb": -0.04331038687378168,
    "C030502A-MT-C1.nwb": -0.021170842461287975,
    "C250800D-MT-C1.nwb": -0.012499390622334822,
    "C190101A1-MT-C1.nwb": -0.04900802616029978,
    "C020502C-MT-C1.nwb": -0.05999707356095314,
    "C050401A2-MT-C1.nwb": -0.05749719589948654,
    "C170501A3-MT-C1.nwb": -0.05728887269894282,
    "C170101B-MT-C1.nwb": -0.04887733214868689,
    "C301001C-MT-C1.nwb": -0.09843269735574722,
    "C310301B2-MT-C1.nwb": -0.052943846476929526,
    "C201200C-MT-C1.nwb": -0.05468483082950115,
    "C280301B2-MT-C1.nwb": -0.019582378615935644,
    "C240300C1-MT-C1.nwb": -0.02187393233180046,
    "C010600C1-MT-C1.nwb": -0.025311265140771866,
    "C240300C2-MT-C1.nwb": -0.028498610109090806,
    "C020600B3-MT-C1.nwb": -0.17008098321301596,
    "C130501B3-MT-C1.nwb": -0.0547629538923502
  },
  "all_threshold_current": {
    "C100501B1-MT-C1.nwb": 0.08749573305249214,
    "C070502C-MT-C1.nwb": 0.10936966352164745,
    "C210301B-MT-C1.nwb": 0.06562179885804653,
    "C240501B4-MT-C1.nwb": 0.04374786466360092,
    "C230501A4-MT-C1.nwb": 0.018749085254967213,
    "C100501A3-MT-C1.nwb": 0.006249694153666496,
    "C030502A-MT-C1.nwb": 0.0812460370361805,
    "C250800D-MT-C1.nwb": 0.09062057640403509,
    "C190101A1-MT-C1.nwb": 0.05624725669622421,
    "C020502C-MT-C1.nwb": 0.07812118902802467,
    "C050401A2-MT-C1.nwb": 0.04999756161123514,
    "C170501A3-MT-C1.nwb": 0.09999512508511543,
    "C170101B-MT-C1.nwb": 0.07187149301171303,
    "C301001C-MT-C1.nwb": 0.07812118716537952,
    "C310301B2-MT-C1.nwb": 0.018749084323644638,
    "C201200C-MT-C1.nwb": 0.06562179885804653,
    "C280301B2-MT-C1.nwb": 0.024998781271278858,
    "C240300C1-MT-C1.nwb": 0.0343733225017786,
    "C010600C1-MT-C1.nwb": 0.024998780339956284,
    "C240300C2-MT-C1.nwb": 0.0812460370361805,
    "C020600B3-MT-C1.nwb": 0.11249450594186783,
    "C130501B3-MT-C1.nwb": 0.05312240868806839
  }
}