{
  "holding_current": [
    0.0,
    0.0
  ],
  "threshold_current": [
    0.36000001430511475,
    0.0
  ],
  "all_holding_current": {
    "specimen_486896849_ephys.nwb": 0.0
  },
  "all_threshold_current": {
    "specimen_486896849_ephys.nwb": 0.36000001430511475
  }
}