{
  "holding_current": [
    0.0,
    0.0
  ],
  "threshold_current": [
    0.019999999552965164,
    0.0
  ],
  "all_holding_current": {
    "specimen_517345160_ephys.nwb": 0.0
  },
  "all_threshold_current": {
    "specimen_517345160_ephys.nwb": 0.019999999552965164
  }
}