{
  "step_80": {
    "holding": {
      "delay": 0.0,
      "amp": 0.0,
      "duration": 8020.0,
      "totduration": 8020.0
    },
    "step": {
      "delay": 1000.0,
      "amp": 0.05000000074505806,
      "thresh_perc": 71.42857218883475,
      "duration": 1000.0,
      "totduration": 8020.0
    }
  },
  "step_100": {
    "holding": {
      "delay": 0.0,
      "amp": 0.0,
      "duration": 6520.0,
      "totduration": 6520.0
    },
    "step": {
      "delay": 1000.0,
      "amp": 0.07000000029802322,
      "thresh_perc": 100.0,
      "duration": 1000.0,
      "totduration": 6520.0
    }
  },
  "step_125": {
    "holding": {
      "delay": 0.0,
      "amp": 0.0,
      "duration": 8020.0,
      "totduration": 8020.0
    },
    "step": {
      "delay": 1000.0,
      "amp": 0.09000000357627869,
      "thresh_perc": 128.5714331330085,
      "duration": 1000.0,
      "totduration": 8020.0
    }
  },
  "step_150": {
    "holding": {
      "delay": 0.0,
      "amp": 0.0,
      "duration": 6686.666666666667,
      "totduration": 6686.666666666667
    },
    "step": {
      "delay": 1000.0,
      "amp": 0.10999999940395355,
      "thresh_perc": 157.1428556223305,
      "duration": 1000.0,
      "totduration": 6686.666666666667
    }
  },
  "step_175": {
    "holding": {
      "delay": 0.0,
      "amp": 0.0,
      "duration": 7020.0,
      "totduration": 7020.0
    },
    "step": {
      "delay": 1000.0,
      "amp": 0.11499999836087227,
      "thresh_perc": 164.285711244661,
      "duration": 1000.0,
      "totduration": 7020.0
    }
  },
  "step_200": {
    "holding": {
      "delay": 0.0,
      "amp": 0.0,
      "duration": 8020.0,
      "totduration": 8020.0
    },
    "step": {
      "delay": 1000.0,
      "amp": 0.12999999523162842,
      "thresh_perc": 185.71427811165248,
      "duration": 1000.0,
      "totduration": 8020.0
    }
  },
  "step_225": {
    "holding": {
      "delay": 0.0,
      "amp": 0.0,
      "duration": 8020.0,
      "totduration": 8020.0
    },
    "step": {
      "delay": 1000.0,
      "amp": 0.17000000178813934,
      "thresh_perc": 242.8571443776695,
      "duration": 1000.0,
      "totduration": 8020.0
    }
  },
  "step_250": {
    "holding": {
      "delay": 0.0,
      "amp": 0.0,
      "duration": 8020.0,
      "totduration": 8020.0
    },
    "step": {
      "delay": 1000.0,
      "amp": 0.17000000178813934,
      "thresh_perc": 242.8571443776695,
      "duration": 1000.0,
      "totduration": 8020.0
    }
  },
  "step_275": {
    "holding": {
      "delay": 0.0,
      "amp": 0.0,
      "duration": 8020.0,
      "totduration": 8020.0
    },
    "step": {
      "delay": 1000.0,
      "amp": 0.1899999976158142,
      "thresh_perc": 271.4285668669915,
      "duration": 1000.0,
      "totduration": 8020.0
    }
  },
  "step_300": {
    "holding": {
      "delay": 0.0,
      "amp": 0.0,
      "duration": 8020.0,
      "totduration": 8020.0
    },
    "step": {
      "delay": 1000.0,
      "amp": 0.21000000834465024,
      "thresh_perc": 300.0000106436865,
      "duration": 1000.0,
      "totduration": 8020.0
    }
  }
}