{
  "step_80": {
    "holding": {
      "delay": 0.0,
      "amp": 0.0,
      "duration": 4020.0,
      "totduration": 4020.0
    },
    "step": {
      "delay": 1000.0,
      "amp": 0.1000000014901161,
      "thresh_perc": 76.92308089084187,
      "duration": 1000.0,
      "totduration": 4020.0
    }
  },
  "step_100": {
    "holding": {
      "delay": 0.0,
      "amp": 0.0,
      "duration": 4020.0,
      "totduration": 4020.0
    },
    "step": {
      "delay": 1000.0,
      "amp": 0.13000000019868216,
      "thresh_perc": 100.0000038208107,
      "duration": 1000.0,
      "totduration": 4020.0
    }
  },
  "step_125": {
    "holding": {
      "delay": 0.0,
      "amp": 0.0,
      "duration": 4020.0,
      "totduration": 4020.0
    },
    "step": {
      "delay": 1000.0,
      "amp": 0.1600000038743019,
      "thresh_perc": 123.07693057159022,
      "duration": 1000.0,
      "totduration": 4020.0
    }
  },
  "step_150": {
    "holding": {
      "delay": 0.0,
      "amp": 0.0,
      "duration": 4020.0,
      "totduration": 4020.0
    },
    "step": {
      "delay": 1000.0,
      "amp": 0.19000000258286792,
      "thresh_perc": 146.15385350155904,
      "duration": 1000.0,
      "totduration": 4020.0
    }
  },
  "step_175": {
    "holding": {
      "delay": 0.0,
      "amp": 0.0,
      "duration": 4020.0,
      "totduration": 4020.0
    },
    "step": {
      "delay": 1000.0,
      "amp": 0.2300000041723251,
      "thresh_perc": 176.92308662205792,
      "duration": 1000.0,
      "totduration": 4020.0
    }
  },
  "step_200": {
    "holding": {
      "delay": 0.0,
      "amp": 0.0,
      "duration": 4020.0,
      "totduration": 4020.0
    },
    "step": {
      "delay": 1000.0,
      "amp": 0.25999999046325684,
      "thresh_perc": 200.0,
      "duration": 1000.0,
      "totduration": 4020.0
    }
  },
  "step_225": {
    "holding": {
      "delay": 0.0,
      "amp": 0.0,
      "duration": 4020.0,
      "totduration": 4020.0
    },
    "step": {
      "delay": 1000.0,
      "amp": 0.26999998092651367,
      "thresh_perc": 207.69230063850333,
      "duration": 1000.0,
      "totduration": 4020.0
    }
  }
}