{
  "holding_current": [
    0.0,
    0.0
  ],
  "threshold_current": [
    0.3400000035762787,
    0.0
  ],
  "all_holding_current": {
    "specimen_565866518_ephys.nwb": 0.0
  },
  "all_threshold_current": {
    "specimen_565866518_ephys.nwb": 0.3400000035762787
  }
}