{
  "holding_current": [
    0.0,
    0.0
  ],
  "threshold_current": [
    0.03999999910593033,
    0.0
  ],
  "all_holding_current": {
    "specimen_593312584_ephys.nwb": 0.0
  },
  "all_threshold_current": {
    "specimen_593312584_ephys.nwb": 0.03999999910593033
  }
}