{
  "step_80": {
    "holding": {
      "delay": 0.0,
      "amp": 0.0,
      "duration": 8020.099999999999,
      "totduration": 8020.099999999999
    },
    "step": {
      "delay": 1000.0,
      "amp": 0.2599999954303105,
      "thresh_perc": 78.78787427237556,
      "duration": 1000.0,
      "totduration": 8020.099999999999
    }
  },
  "step_100": {
    "holding": {
      "delay": 0.0,
      "amp": 0.0,
      "duration": 7292.79090909091,
      "totduration": 7292.79090909091
    },
    "step": {
      "delay": 1000.0,
      "amp": 0.3300000049851157,
      "thresh_perc": 99.99999753699825,
      "duration": 1000.0,
      "totduration": 7292.79090909091
    }
  },
  "step_125": {
    "holding": {
      "delay": 0.0,
      "amp": 0.0,
      "duration": 8020.099999999999,
      "totduration": 8020.099999999999
    },
    "step": {
      "delay": 1000.0,
      "amp": 0.4100000049386706,
      "thresh_perc": 124.24242080204085,
      "duration": 1000.0,
      "totduration": 8020.099999999999
    }
  },
  "step_150": {
    "holding": {
      "delay": 0.0,
      "amp": 0.0,
      "duration": 8020.100000000001,
      "totduration": 8020.100000000001
    },
    "step": {
      "delay": 1000.0,
      "amp": 0.4500000079472859,
      "thresh_perc": 136.36363335330088,
      "duration": 1000.0,
      "totduration": 8020.100000000001
    }
  }
}