{
  "holding_current": [
    -0.059272524261000555,
    0.056269767415530955
  ],
  "threshold_current": [
    0.06941625705387976,
    0.026122428188343125
  ],
  "all_holding_current": {
    "C170101A1-MT-C1.nwb": -0.03281090026721358,
    "C250501A-MT-C1.nwb": -0.25467507789532345,
    "C291101B2-MT-C1.nwb": -0.029186076670885085,
    "C110501B1-MT-C1.nwb": -0.041664632658163704,
    "C020600A2-MT-C1.nwb": -0.03542795963585377,
    "C220601B1-MT-C1.nwb": -0.03728984668850899,
    "C190101B2-MT-C1.nwb": -0.048435136675834656,
    "C250402C1-MT-C1.nwb": -0.0442686731616656,
    "C060401C1-MT-C1.nwb": -0.033829871808057244,
    "C251001B2-MT-C1.nwb": -0.06741858832538128,
    "C190101B1-MT-C1.nwb": -0.015573011390620568,
    "C040401A3-MT-C1.nwb": -0.07291311273972194,
    "C180101B2-MT-C1.nwb": -0.06163761764764786,
    "C310301A3-MT-C1.nwb": -0.05468483408913016
  },
  "all_threshold_current": {
    "C170101A1-MT-C1.nwb": 0.04374786652624607,
    "C250501A-MT-C1.nwb": 0.12811875343322754,
    "C291101B2-MT-C1.nwb": 0.04999756067991257,
    "C110501B1-MT-C1.nwb": 0.06562179699540138,
    "C020600A2-MT-C1.nwb": 0.037498171441257,
    "C220601B1-MT-C1.nwb": 0.0687466450035572,
    "C190101B2-MT-C1.nwb": 0.04687271174043417,
    "C250402C1-MT-C1.nwb": 0.059372104704380035,
    "C060401C1-MT-C1.nwb": 0.07499634101986885,
    "C251001B2-MT-C1.nwb": 0.046872714534401894,
    "C190101B1-MT-C1.nwb": 0.11561936186626554,
    "C040401A3-MT-C1.nwb": 0.09687027707695961,
    "C180101B2-MT-C1.nwb": 0.06874664686620235,
    "C310301A3-MT-C1.nwb": 0.06874664686620235
  }
}