{
  "IDRest_80": {
    "holding": {
      "delay": 0.0,
      "amp": -0.04246116456959177,
      "duration": 3000.0,
      "totduration": 3000.0
    },
    "step": {
      "delay": 700.1911764705883,
      "amp": 0.056487264890921575,
      "thresh_perc": 81.37469130189069,
      "duration": 1999.9411764705883,
      "totduration": 3000.0
    }
  },
  "IDRest_100": {
    "holding": {
      "delay": 0.0,
      "amp": -0.04994948699067418,
      "duration": 3046.153846153846,
      "totduration": 3046.153846153846
    },
    "step": {
      "delay": 700.2307692307693,
      "amp": 0.07086867581091347,
      "thresh_perc": 102.09233228450559,
      "duration": 2046.0884615384614,
      "totduration": 3046.153846153846
    }
  },
  "IDRest_125": {
    "holding": {
      "delay": 0.0,
      "amp": -0.06562179938191548,
      "duration": 3046.875,
      "totduration": 3046.875
    },
    "step": {
      "delay": 694.61328125,
      "amp": 0.08738357918524978,
      "thresh_perc": 125.88344992070674,
      "duration": 2057.14453125,
      "totduration": 3046.875
    }
  },
  "IDRest_150": {
    "holding": {
      "delay": 0.0,
      "amp": -0.0516224821889773,
      "duration": 3030.0,
      "totduration": 3030.0
    },
    "step": {
      "delay": 696.63,
      "amp": 0.1060276416044621,
      "thresh_perc": 152.74180156698046,
      "duration": 2036.6,
      "totduration": 3030.0
    }
  },
  "IDRest_175": {
    "holding": {
      "delay": 0.0,
      "amp": -0.056864959122829656,
      "duration": 3034.8837209302324,
      "totduration": 3034.8837209302324
    },
    "step": {
      "delay": 700.203488372093,
      "amp": 0.12128653413465018,
      "thresh_perc": 174.72352915904062,
      "duration": 2034.9883720930234,
      "totduration": 3034.8837209302324
    }
  },
  "IDRest_200": {
    "holding": {
      "delay": 0.0,
      "amp": -0.057169086528010664,
      "duration": 3030.0,
      "totduration": 3030.0
    },
    "step": {
      "delay": 700.22,
      "amp": 0.13831078694243534,
      "thresh_perc": 199.24840781184844,
      "duration": 2030.075,
      "totduration": 3030.0
    }
  },
  "IDRest_225": {
    "holding": {
      "delay": 0.0,
      "amp": -0.06623796635950116,
      "duration": 3000.0,
      "totduration": 3000.0
    },
    "step": {
      "delay": 700.2253521126761,
      "amp": 0.1565256577821284,
      "thresh_perc": 225.488472621962,
      "duration": 2000.0915492957745,
      "totduration": 3000.0
    }
  },
  "IDRest_250": {
    "holding": {
      "delay": 0.0,
      "amp": -0.06459243776386275,
      "duration": 3035.294117647059,
      "totduration": 3035.294117647059
    },
    "step": {
      "delay": 700.2088235294118,
      "amp": 0.17199057032206538,
      "thresh_perc": 247.76698949436172,
      "duration": 2035.420588235294,
      "totduration": 3035.294117647059
    }
  },
  "IDRest_275": {
    "holding": {
      "delay": 0.0,
      "amp": -0.06218446670100093,
      "duration": 3075.0,
      "totduration": 3075.0
    },
    "step": {
      "delay": 700.19375,
      "amp": 0.19209748179324165,
      "thresh_perc": 276.7326991487581,
      "duration": 2075.225,
      "totduration": 3075.0
    }
  },
  "IDRest_300": {
    "holding": {
      "delay": 0.0,
      "amp": -0.04445537883472049,
      "duration": 3056.603773584906,
      "totduration": 3056.603773584906
    },
    "step": {
      "delay": 700.2311320754717,
      "amp": 0.20740974385245103,
      "thresh_perc": 298.79131006943084,
      "duration": 2056.698113207547,
      "totduration": 3056.603773584906
    }
  }
}