{
  "holding_current": [
    0.0,
    0.0
  ],
  "threshold_current": [
    0.4099999964237213,
    0.0
  ],
  "all_holding_current": {
    "specimen_583434059_ephys.nwb": 0.0
  },
  "all_threshold_current": {
    "specimen_583434059_ephys.nwb": 0.4099999964237213
  }
}