{
  "holding_current": [
    0.0,
    0.0
  ],
  "threshold_current": [
    0.3100000023841858,
    0.0
  ],
  "all_holding_current": {
    "specimen_481136138_ephys.nwb": 0.0
  },
  "all_threshold_current": {
    "specimen_481136138_ephys.nwb": 0.3100000023841858
  }
}