{
  "step_80": {
    "holding": {
      "delay": 0.0,
      "amp": 0.0,
      "duration": 8020.1,
      "totduration": 8020.1
    },
    "step": {
      "delay": 1000.0,
      "amp": 0.2149999998509884,
      "thresh_perc": 79.62963519968,
      "duration": 1000.0,
      "totduration": 8020.1
    }
  },
  "step_100": {
    "holding": {
      "delay": 0.0,
      "amp": 0.0,
      "duration": 6929.136363636364,
      "totduration": 6929.136363636364
    },
    "step": {
      "delay": 1000.0,
      "amp": 0.27818181162530725,
      "thresh_perc": 103.0303078802885,
      "duration": 1000.0,
      "totduration": 6929.136363636364
    }
  },
  "step_125": {
    "holding": {
      "delay": 0.0,
      "amp": 0.0,
      "duration": 7220.06,
      "totduration": 7220.06
    },
    "step": {
      "delay": 1000.0,
      "amp": 0.3199999988079071,
      "thresh_perc": 118.51852644945261,
      "duration": 1000.0,
      "totduration": 7220.06
    }
  },
  "step_150": {
    "holding": {
      "delay": 0.0,
      "amp": 0.0,
      "duration": 8020.100000000001,
      "totduration": 8020.100000000001
    },
    "step": {
      "delay": 1000.0,
      "amp": 0.3900000055631002,
      "thresh_perc": 144.44445670877553,
      "duration": 1000.0,
      "totduration": 8020.100000000001
    }
  }
}