{
  "holding_current": [
    0.0,
    0.0
  ],
  "threshold_current": [
    0.20000000298023224,
    0.0
  ],
  "all_holding_current": {
    "specimen_554807924_ephys.nwb": 0.0
  },
  "all_threshold_current": {
    "specimen_554807924_ephys.nwb": 0.20000000298023224
  }
}