{
  "holding_current": [
    0.0,
    0.0
  ],
  "threshold_current": [
    0.12000001221895218,
    0.0
  ],
  "all_holding_current": {
    "specimen_475585413_ephys.nwb": 0.0
  },
  "all_threshold_current": {
    "specimen_475585413_ephys.nwb": 0.12000001221895218
  }
}