{
  "holding_current": [
    -0.07845971601394315,
    0.04423871078358624
  ],
  "threshold_current": [
    0.07968361536040902,
    0.030550614217041482
  ],
  "all_holding_current": {
    "C210601B3-MT-C1.nwb": -0.045700895600020885,
    "C170101A2-MT-C1.nwb": -0.13580587953329087,
    "C170101C-MT-C1.nwb": -0.030123530607670545,
    "C301001B-MT-C1.nwb": -0.07413700968027115,
    "C311001B2-MT-C1.nwb": -0.04437283519655466,
    "C230501A1-MT-C1.nwb": -0.14061814546585083
  },
  "all_threshold_current": {
    "C210601B3-MT-C1.nwb": 0.07187149301171303,
    "C170101A2-MT-C1.nwb": 0.13436845131218433,
    "C170101C-MT-C1.nwb": 0.07187149301171303,
    "C301001B-MT-C1.nwb": 0.09999512508511543,
    "C311001B2-MT-C1.nwb": 0.03749816957861185,
    "C230501A1-MT-C1.nwb": 0.062496960163116455
  }
}